Country,1999,2000,2001,2002,2003,2004,2005,2006,2007,2008,2009,2010,2012,2013,2014,2015,2016,2017,2018,2019,2020,2021,2022
"Afghanistan, Rep. of.",0,0,0,4.084,4.585,5.971,7.309,8.399,9.892,11.513,13.318,15.406,19.248,21.555,24.304,0,0,0,0,0,0,0,0
Albania,3.444,3.695,4.096,4.456,5.6,7.452,8.376,9.133,10.163,11.131,11.726,11.797,13.808,14.91,16.053,11.591,12.204,13.214,14.341,15.553,16.996,16.77,18.012
Algeria,48.845,54.749,55.181,57.053,68.013,85.016,102.38,114.322,116.158,126.889,134.797,154.843,177.83,190.432,203.449,175.077,181.71,192.256,202.179,210.906,219.16,163.812,168.195
Angola,6.153,9.135,8.936,11.386,13.956,19.8,30.632,43.759,55.37,67.608,69.708,87.718,118.426,136.415,151.089,102.011,98.815,105.369,112.533,119.403,127.15,70.339,74.953
Antigua and Barbuda,0.652,0.678,0.71,0.718,0.754,0.818,0.875,0.962,1.026,1.074,1.18,1.196,1.322,1.404,1.494,1.285,1.328,1.386,1.458,1.536,1.617,1.405,1.534
Argentina,283.523,284.204,268.697,97.732,127.643,151.958,181.549,212.702,247.096,277.912,301.331,296.109,315.832,329.332,347.731,578.705,578.692,589.585,602.868,617.386,633.889,455.172,483.765
Armenia,1.845,1.912,2.118,2.376,2.807,3.573,4.903,6.41,7.666,8.579,8.683,8.238,9.086,9.844,10.821,10.607,10.672,11.074,11.63,12.273,12.939,13.612,15.06
Australia,401.782,390.017,368.191,412.901,527.588,639.356,712.436,754.816,822.089,854.072,920.01,982.826,"1,039.69","1,078.91","1,125.82","1,240.80","1,253.00","1,317.16","1,381.51","1,442.47","1,515.70","1,610.56","1,677.45"
Austria,213.39,194.407,193.345,208.566,255.842,293.194,305.338,321.934,348.659,364.58,374.417,389.002,406.52,417.771,430.611,372.606,386.227,402.793,418.402,433.75,452.657,481.209,520.343
Azerbaijan,4.581,5.273,5.708,6.236,7.276,8.682,12.561,19.817,28.699,40.229,42.505,51.916,58.795,62.867,65.776,63.983,63.602,70.927,74.266,83.996,87.276,52.645,54.725
"Bahamas, The",4.704,5.004,5.131,5.389,5.503,5.661,5.87,6.223,6.624,7.026,7.403,7.409,7.786,8.02,8.287,0,0,0,0,0,0,0,0
Bahrain,6.617,7.966,7.927,8.446,9.734,11.18,13.378,16.065,17.505,19.673,19.361,21.567,24.231,25.814,27.165,30.914,32.335,34.318,36.334,38.446,40.522,39.104,41.057
Bangladesh,46.529,47.048,47.194,49.56,54.476,59.12,61.28,65.216,71.443,77.943,92.121,99.088,114.717,123.447,133.176,202.333,218.991,238.723,260.874,285.329,310.858,355.689,390.608
Barbados,2.478,2.559,2.554,2.476,2.695,2.817,3.061,3.386,3.751,3.922,3.595,3.63,4.03,4.23,4.445,4.451,4.537,4.652,4.805,4.999,5.222,4.648,5.142
Belarus,12.104,12.758,12.421,14.654,17.823,23.141,30.131,36.944,38.185,37.323,49.043,53.137,69.146,79.416,91.501,62.02,66.37,70.997,76.023,82.437,89.315,65.754,70.632
Belgium,253.889,232.934,231.928,252.66,310.514,359.155,372.726,393.59,423.541,441.115,461.489,480.154,506.004,520.026,535.079,458.651,473.524,492.062,511.491,531.189,556.197,581.848,619.16
Belize,0.732,0.832,0.871,0.932,0.988,1.055,1.111,1.213,1.286,1.362,1.407,1.471,1.619,1.701,1.787,1.763,1.841,1.931,2.021,2.114,2.207,1.909,2.062
Benin,2.492,2.383,2.502,2.817,3.565,4.053,4.406,4.76,5.377,5.838,6.401,6.772,8.007,8.713,9.483,7.701,8.302,9.061,9.896,10.765,11.659,18.067,19.917
Bhutan,0.43,0.46,0.493,0.545,0.611,0.709,0.828,0.983,1.156,1.29,1.473,1.563,1.83,1.999,2.174,2.209,2.465,2.748,3.141,3.468,3.798,2.48,2.74
Bolivia,8.298,8.412,8.154,7.917,8.102,8.749,9.358,10.828,11.91,13.194,17.549,18.961,21.809,23.306,24.925,33.537,35.231,38.204,41.429,44.903,48.626,38.547,40.895
Bosnia and Herzegovina,4.995,5.298,5.558,6.184,7.801,9.331,10.058,11.396,13.164,14.225,16.961,17.697,20.424,22.102,23.616,15.568,16.306,17.356,18.556,19.897,21.559,21.692,23.006
Botswana,5.629,6.193,6.06,5.959,8.318,9.831,10.195,10.808,11.859,13.071,10.808,11.519,13.64,14.837,15.032,13.091,13.011,13.843,14.814,16.065,17.456,17.605,19.002
Brazil,586.922,644.283,554.41,505.712,552.239,663.552,882.043,"1,067.71","1,177.71","1,251.63","1,481.55","1,724.35","1,924.29","2,036.24","2,155.68","1,799.61","1,672.90","1,759.27","1,854.68","1,953.67","2,054.41","1,645.84","1,810.61"
Brunei Darussalam,4.6,6.001,5.601,5.843,6.557,7.872,9.531,11.438,12.032,12.499,14.695,15.698,16.632,16.917,17.039,11.636,11.853,13.038,14.551,17.129,19.1,15.686,16.263
Bulgaria,12.977,12.639,13.605,15.614,19.974,24.331,26.719,30.608,35.781,39.155,44.777,45.456,49.867,53.912,58.117,47.167,48.594,50.73,53.227,56.032,59.506,77.907,84.308
Burkina Faso,3.015,2.611,2.815,3.301,4.279,5.114,5.624,6.055,6.924,7.563,7.78,8.308,9.758,10.545,11.402,11.323,12.239,13.433,14.778,16.266,18.003,19.932,21.887
Burundi,0.808,0.709,0.662,0.628,0.595,0.664,0.801,0.908,0.999,1.102,1.41,1.437,1.607,1.714,1.835,2.97,3.247,3.512,3.825,4.145,4.489,3.193,3.396
Cambodia,3.516,3.655,3.97,4.28,4.585,5.307,6.233,7.096,7.961,8.655,10.901,11.748,14.434,15.932,17.458,17.714,19.198,20.86,22.765,24.83,27.089,26.08,27.985
Cameroon,10.424,10.046,9.497,10.888,13.63,15.784,16.88,18.372,20.018,21.383,21.82,23.556,26.232,27.73,29.758,28.524,30.79,33.521,36.458,39.594,43.247,44.806,48.29
Canada,661.345,725.158,715.632,734.773,868.485,993.908,"1,132.44","1,269.10","1,266.40","1,334.39","1,319.14","1,438.99","1,584.48","1,651.52","1,713.41","1,572.78","1,592.35","1,682.37","1,773.80","1,860.06","1,958.15","2,015.98","2,189.79"
Cape Verde,0.597,0.539,0.563,0.621,0.814,0.925,0.999,1.15,1.313,1.449,1.755,1.885,2.243,2.459,2.689,0,0,0,0,0,0,0,0
Central African Republic,1.039,0.962,0.968,1.045,1.198,1.309,1.376,1.488,1.624,1.745,1.983,2.146,2.428,2.599,2.776,1.624,1.84,2.096,2.371,2.637,2.916,2.587,2.797
Chad,1.537,1.389,1.711,1.995,2.728,4.421,5.896,6.547,6.139,6.396,6.974,8.241,9.112,9.046,9.205,11.688,12.82,14.704,15.988,17.44,18.547,12.345,12.953
Chile,72.995,75.21,68.568,67.266,73.991,95.839,118.985,145.205,149.647,149.027,150.361,160.442,169.244,179.238,183.909,240.041,240.309,250.951,262.953,276.484,292.019,331.25,352.664
China,"1,083.28","1,198.48","1,324.81","1,453.84","1,640.97","1,931.64","2,243.69","2,630.11","3,051.24","3,416.57","4,757.74","5,263.33","6,524.23","7,287.76","8,283.35","11,384.76","12,253.98","13,173.59","14,272.35","15,620.71","17,100.06","16,862.98","18,463.13"
Colombia,86.186,83.786,81.99,81.122,79.459,98.059,123.085,135.075,149.375,156.69,228.614,245.254,279.366,297.363,319.728,274.189,263.476,303.75,339.668,379.025,421.246,300.791,319.29
Comoros,0.223,0.202,0.22,0.252,0.325,0.363,0.388,0.402,0.436,0.472,0.525,0.571,0.635,0.682,0.733,0.589,0.625,0.668,0.717,0.769,0.834,1.281,1.363
"Congo, Democratic Republic of",4.319,4.303,5.155,5.539,5.681,6.539,7.096,8.543,8.953,9.954,11.104,12.304,14.525,15.975,17.352,0,0,0,0,0,0,0,0
"Congo, Republic of",2.354,3.22,2.794,3.02,3.571,4.349,5.981,7.399,6.06,6.878,8.632,12.142,13.186,12.783,12.671,0,0,0,0,0,0,0,0
Costa Rica,15.797,15.947,16.404,16.879,17.491,18.567,19.937,21.384,22.242,23.319,29.291,30.433,34.316,36.735,38.891,51.618,54.977,58.787,62.963,67.209,71.816,61.46,64.374
Côte d'Ivoire,12.573,10.448,10.554,11.527,13.764,15.501,16.373,17.339,18.658,20.225,22.909,24.747,28.002,30.172,32.546,31.27,34.284,37.908,41.84,45.956,50.86,68.845,75.075
Croatia,19.906,18.427,19.83,23.032,29.612,35.261,38.51,42.456,47.422,51.159,61.724,63.261,70.51,74.861,79.296,48.932,50.04,52.194,54.919,57.948,61.381,63.399,68.525
Cyprus,9.78,9.317,9.678,10.543,13.29,15.789,16.958,18.235,19.948,21.279,23.221,24.306,26.684,28.066,29.483,19.383,19.894,20.767,21.735,22.747,23.907,26.546,28.291
Czech Republic,60.192,56.717,61.843,75.276,91.358,108.214,123.981,141.801,160.448,172.504,189.669,201.333,229.512,245.565,264.418,182.462,189.982,196.987,201.46,203.527,206.851,276.914,302.061
Denmark,174.172,160.533,160.583,174.42,212.981,243.85,259.217,276.611,302.56,316.164,308.323,326.639,354.901,370.892,383.979,291.043,300.906,316.271,333.132,349.886,369.686,396.666,414.55
Djibouti,0.541,0.556,0.577,0.596,0.628,0.666,0.709,0.768,0.835,0.914,1.089,1.205,1.466,1.612,1.779,1.743,1.93,2.14,2.372,2.614,2.854,3.654,3.932
Dominica,0.265,0.269,0.264,0.253,0.258,0.272,0.285,0.3,0.313,0.327,0.376,0.389,0.425,0.445,0.465,0.538,0.559,0.577,0.598,0.621,0.646,0.571,0.628
Dominican Republic,17.601,20.059,21.943,21.625,16.459,18.435,29.092,31.6,33.119,33.843,44.716,45.219,51.474,54.91,58.575,66.575,69.908,73.41,77.088,80.95,85.005,89.502,97.371
Ecuador,16.674,15.934,21.25,24.899,28.636,32.636,36.489,40.447,42.292,44.962,55.613,59.618,65.757,69.463,73.444,98.925,101.698,104.773,108.468,112.418,116.105,104.483,109.975
Egypt,89.942,99.155,95.399,87.506,81.384,78.802,89.794,107.375,129.125,140.157,187.956,208.458,250.911,274.795,299.121,0,0,0,0,0,0,396.328,438.348
El Salvador,12.465,13.134,13.813,14.307,15.047,15.822,16.974,18.341,19.647,21.046,22.166,22.941,25.348,27.206,29.167,25.652,26.592,27.679,28.896,30.081,31.358,27.665,29.316
Equatorial Guinea,0.738,1.231,1.766,2.209,2.99,4.85,7.477,9.135,8.473,9.836,11.175,12.84,15.172,15.161,14.881,10.025,10.211,10.399,10.547,10.681,10.856,12.528,12.074
Eritrea,0.73,0.638,0.675,0.635,0.585,0.635,0.961,1.16,1.425,1.818,1.694,1.965,2.677,3.124,3.663,4.256,4.809,5.478,6.289,7.23,7.584,2.254,2.484
Estonia,5.571,5.627,6.192,7.306,9.592,11.646,13.753,16.41,19.573,21.925,18.045,17.473,18.62,19.803,21.09,22.934,24.224,25.869,27.646,29.537,31.856,36.039,39.542
Ethiopia,7.604,7.9,7.879,7.428,8.03,9.485,11.373,13.315,15.646,17.311,33.92,33.144,35.509,37.891,40.432,63.022,70.171,77.438,84.407,91.98,100.324,92.757,0
Fiji,1.868,1.653,1.662,1.811,2.239,2.627,2.816,2.977,3.154,3.301,3.048,3.063,3.336,3.504,3.683,4.526,4.747,4.973,5.214,5.47,5.739,4.639,5.01
Finland,130.948,122.222,125.269,135.972,165.031,189.411,195.785,210.837,225.434,235.106,242.328,252.911,271.393,281.948,293.345,230.685,237.111,246.361,256.596,267.335,281.26,296.016,314.538
France,"1,456.80","1,333.04","1,341.39","1,463.90","1,804.99","2,059.71","2,127.17","2,231.63","2,401.44","2,512.69","2,634.82","2,745.49","2,907.44","2,998.97","3,089.18","2,422.65","2,488.38","2,586.57","2,690.48","2,801.75","2,940.19","2,940.43","3,140.03"
Gabon,4.669,5.096,4.709,4.97,6.08,7.188,8.681,9.124,9.337,9.776,10.936,12.906,14.042,14.209,14.693,13.8,14.24,15.478,16.648,17.773,18.899,18.293,19.632
"Gambia, The",0.432,0.421,0.418,0.37,0.353,0.401,0.461,0.507,0.557,0.606,0.726,0.76,0.835,0.882,0.944,0,0,0,0,0,0,0,0
Georgia,2.803,3.042,3.205,3.395,3.992,5.111,6.393,7.83,9.279,10.52,10.981,10.761,12.291,13.293,14.377,13.753,14.27,15.677,17.074,18.632,20.331,17.846,19.688
Germany,"2,146.43","1,905.80","1,892.60","2,024.06","2,444.28","2,744.22","2,791.74","2,897.03","3,080.55","3,184.13","3,235.46","3,325.76","3,397.87","3,443.06","3,485.90","3,371.00","3,472.51","3,595.41","3,721.37","3,846.70","4,004.94","4,230.17","4,557.35"
Ghana,7.71,4.977,5.309,6.16,7.624,8.872,10.72,12.894,14.988,16.872,14.761,15.302,19.88,21.199,22.631,37.679,42.295,46.921,51.233,54.993,58.288,75.487,82.018
Greece,158.291,146.549,150.459,170.943,222.323,264.493,284.226,307.709,341.826,367.052,338.25,352.51,367.41,377.199,387.042,192.98,192.515,201.336,211.9,222.361,234.579,211.645,224.894
Grenada,0.38,0.41,0.395,0.408,0.444,0.426,0.504,0.529,0.571,0.617,0.683,0.709,0.762,0.799,0.844,0.957,1.005,1.055,1.108,1.164,1.223,1.083,1.16
Guatemala,18.316,19.288,21.043,23.309,24.898,27.27,31.789,35.304,37.922,40.635,36.471,36.531,39.017,40.468,41.885,63.218,66.401,70.525,75.129,79.96,85.228,83.305,89.214
Guinea,3.461,3.112,3.039,3.21,3.624,3.97,3.331,3.317,3.597,3.759,4.436,4.547,5.378,5.868,6.377,6.733,7.067,7.587,8.165,8.71,10.326,16.724,18.223
Guinea-Bissau,0.224,0.216,0.199,0.204,0.236,0.27,0.302,0.305,0.342,0.362,0.438,0.464,0.515,0.546,0.578,1.035,1.116,1.208,1.313,1.426,1.563,1.592,1.721
Guyana,0.696,0.712,0.695,0.723,0.745,0.786,0.818,0.87,0.934,0.994,1.196,1.267,1.456,1.558,1.658,3.203,3.411,3.603,3.802,4.012,4.223,7.395,9.837
Haiti,3.972,3.514,3.416,3.097,2.684,3.531,3.983,4.473,5.091,5.633,6.908,7.277,7.943,8.256,8.669,8.797,8.924,9.339,9.83,10.397,10.97,20.143,18.825
Honduras,5.374,5.954,6.321,6.502,6.86,7.454,8.294,8.981,9.859,10.589,14.581,15.757,18.151,19.873,21.707,19.941,20.457,20.999,21.646,22.357,23.101,26.325,27.923
Hong Kong SAR,163.288,168.754,166.541,163.709,158.473,165.823,177.784,189.538,201.797,213.915,208.847,220.828,243.899,257.357,271.4,307.79,322.166,339.378,358.665,379.776,405.781,369.722,389.977
Hungary,48.044,47.958,53.317,66.71,84.419,102.159,111.568,114.273,125.024,131.546,124.241,132.384,149,157.976,166.299,118.49,124.012,130.636,137.335,143.759,150.095,180.959,198.992
Iceland,8.681,8.678,7.894,8.825,10.838,13.063,16.081,16.579,17.718,17.795,11.781,11.658,11.864,12.135,12.527,16.738,17.775,18.588,19.267,19.757,19.991,25.476,27.172
India,440.76,461.329,473.867,494.848,576.547,667.342,780.784,886.867,984.21,"1,079.90","1,242.64","1,339.49","1,583.43","1,740.41","1,908.33","2,182.58","2,384.73","2,607.41","2,846.16","3,131.95","3,443.60","2,946.06","3,250.08"
Indonesia,154.705,165.521,160.657,195.593,234.834,257.005,286.957,364.239,407.521,444.29,514.931,568.589,661.113,716.887,777.89,872.615,875.75,950.438,"1,021.23","1,103.29","1,193.91","1,150.25","1,247.35"
"Iran, Islamic Republic of",104.656,96.44,115.435,116.421,133.969,161.261,188.479,212.492,225.929,241.006,331.757,358.878,403.811,427.594,454.918,0,0,0,0,0,0,0,0
Ireland,96.667,96.609,104.57,122.724,157.119,183.473,200.769,222.08,250.237,266.997,226.771,226.32,232.09,237.912,243.05,227.498,240.454,254.356,267.745,280.731,295.976,516.253,550.518
Israel,108.285,121,118.659,109.382,115.26,122.503,129.841,140.195,149.046,158.397,215.727,222.898,244.806,257.14,270.446,298.866,312.434,319.393,325.563,331.085,339.065,467.532,501.409
Italy,"1,202.40","1,100.56","1,118.32","1,223.24","1,510.06","1,728.86","1,772.77","1,852.59","1,993.72","2,075.93","2,089.56","2,172.44","2,246.55","2,296.21","2,355.35","1,819.05","1,867.57","1,932.94","1,997.84","2,061.97","2,143.80","2,120.23","2,272.27"
Jamaica,7.316,7.467,7.894,8.08,7.814,8.801,9.398,10.565,11.013,11.443,11.923,12.363,13.297,13.873,14.694,13.823,14.128,14.713,15.426,16.213,17.084,14.857,15.63
Japan,"4,384.27","4,668.79","4,097.96","3,925.11","4,234.92","4,608.14","4,557.12","4,367.46","4,302.09","4,453.39","5,048.63","5,187.46","5,410.70","5,591.43","5,791.63","4,116.24","4,170.64","4,342.16","4,446.33","4,590.91","4,746.88","5,103.11","5,383.68"
Jordan,8.149,8.461,8.975,9.582,10.196,11.398,12.712,14.318,16.035,17.589,22.556,24.405,28.802,31.028,33.304,38.21,40.891,43.821,46.937,50.276,53.852,45.344,47.5
Kazakhstan,16.955,18.275,22.135,24.599,30.86,43.152,57.124,77.237,91.61,108.171,107.038,120.75,154.444,173.084,199.333,195.005,173.199,195.269,218.887,243.072,268.657,194.024,203.666
Kenya,12.883,12.316,13.059,13.191,15.036,16.199,18.73,23.187,26.404,29.288,30.212,34.466,45.226,49.787,55.078,63.121,68.866,76.758,85.263,94.303,104.043,109.491,116.641
Kiribati,0.054,0.047,0.045,0.049,0.058,0.058,0.056,0.06,0.062,0.063,0.114,0.116,0.122,0.126,0.129,0.164,0.166,0.169,0.173,0.175,0.18,0.232,0.245
Korea,445.557,511.961,481.979,547.856,608.337,681.227,791.572,888.267,942.975,"1,000.53",800.294,855.384,"1,005.74","1,087.25","1,167.69","1,392.95","1,450.05","1,545.81","1,649.08","1,763.36","1,898.76","1,823.85","1,907.66"
Kuwait,30.123,37.721,34.901,38.14,47.835,59.268,80.78,96.132,95.408,103.678,114.878,135.367,154.047,164.479,174.939,123.228,128.538,141.776,155.529,167.562,178.517,132.266,138.78
Kyrgyz Republic,1.267,1.368,1.525,1.606,1.919,2.215,2.46,2.822,3.287,3.646,4.681,4.779,5.54,5.899,6.323,7.158,7.659,8.301,8.991,9.715,10.43,8.15,8.928
Lao People's Democratic Republic,1.473,1.735,1.762,1.83,2.149,2.508,2.887,3.437,3.998,4.448,5.721,6.053,7.069,7.688,8.374,0,0,0,0,0,0,0,0
Latvia,7.289,7.833,8.313,9.315,11.186,13.737,15.826,19.621,24.127,27.79,24.198,22.145,23.233,24.461,25.732,27.822,29.288,31.416,33.696,36.003,38.834,37.199,40.83
Lebanon,17.01,16.822,17.212,18.717,19.802,21.369,21.428,22.622,23.646,24.964,32.66,35.214,40.474,43.163,45.994,54.395,57.028,59.411,62.206,66.123,70.286,0,0
Lesotho,0.919,0.828,0.699,0.759,1.118,1.392,1.491,1.634,1.746,1.902,1.624,1.695,1.842,1.92,1.999,2.035,2.096,2.235,2.408,2.538,2.682,2.478,2.592
Liberia,0.4,0.529,0.515,0.543,0.41,0.46,0.529,0.622,0.663,0.72,0.868,0.914,1.194,1.413,1.665,2.015,2.109,2.282,2.499,2.733,2.984,3.384,3.664
Libya,33.957,36.125,32.199,19.832,24.015,30.475,41.685,50.33,60.751,71.787,60.609,74.68,90.605,99.912,109.604,29.721,32.38,36.581,41.529,46.746,53.805,27.3,29.202
Lithuania,10.84,11.418,12.146,14.134,18.558,22.508,25.667,29.784,35.37,39.172,35.964,34.884,37.627,39.406,41.173,41.776,44.614,48.051,50.503,53.269,56.8,62.635,67.659
Luxembourg,21.216,20.329,20.216,22.743,28.957,33.564,36.621,40.577,45.751,48.976,46.513,47.035,51.197,53.59,56.04,57.929,61.257,65.169,69.332,73.645,78.827,83.771,89.683
"Macedonia, Former Yugoslav Republic of",3.675,3.583,3.437,3.769,4.631,5.377,5.775,6.248,7.02,7.548,8.825,9.3,10.946,11.74,12.566,0,0,0,0,0,0,0,0
Madagascar,3.723,3.866,4.527,4.557,5.464,4.359,5.034,5.489,6.193,6.581,8.974,9.039,10.384,11.477,12.692,9.514,9.17,9.75,10.405,11.13,11.89,14.101,15.402
Malawi,1.776,1.743,1.717,1.935,1.765,1.903,2.076,2.238,2.4,2.573,4.909,5.555,7.156,8.296,9.679,6.388,6.149,6.489,6.898,7.374,7.912,12.15,12.008
Malaysia,79.148,90.32,88.001,95.266,103.992,118.461,130.835,150.923,160.563,171.829,207.35,216.181,248.835,270.36,293.746,313.479,350.992,392.439,437.428,487.731,544.418,371.114,415.375
Maldives,0.589,0.624,0.625,0.641,0.692,0.806,0.795,0.988,1.089,1.189,1.343,1.444,1.666,1.784,1.914,3.031,3.228,3.483,3.768,4.086,4.434,4.573,5.296
Mali,2.921,2.674,3.018,3.343,4.429,4.944,5.412,6.191,6.836,7.36,8.757,9.557,10.853,11.541,12.333,10.954,11.882,12.913,13.967,15.037,16.13,19.563,21.261
Malta,3.646,3.571,3.632,3.882,4.92,5.428,5.667,6.085,6.195,6.53,7.714,8.103,8.85,9.254,9.668,9.19,9.721,10.343,10.997,11.656,12.432,16.695,18.209
Mauritania,1.195,1.081,1.122,1.15,1.285,1.495,1.857,2.663,2.644,2.858,3.241,3.445,4.949,5.582,6.045,4.677,4.794,5.138,5.514,5.925,6.291,9.164,9.336
Mauritius,4.193,4.522,4.536,4.515,5.159,5.93,6.206,6.402,7.021,7.42,9.156,8.952,10.146,10.847,11.629,11.567,12.145,12.902,13.699,14.526,15.51,10.998,11.954
Mexico,480.593,580.791,621.859,648.629,638.745,683.486,767.69,840.012,897.315,951.733,866.336,952.575,"1,097.85","1,186.61","1,273.56","1,161.48","1,187.05","1,251.25","1,322.92","1,404.92","1,495.66","1,285.52","1,371.64"
Moldova,1.171,1.289,1.48,1.662,1.981,2.598,2.988,3.242,3.571,3.945,5.328,4.748,5.3,5.634,6.052,6.188,6.498,7.009,7.567,8.235,8.998,12.396,13.315
Mongolia,0.906,0.947,1.018,1.121,1.285,1.625,2.094,2.803,3.183,3.32,4.212,4.355,5.775,7.516,7.595,12.409,12.96,13.699,14.82,16.069,17.871,14.28,15.83
Morocco,35.249,33.335,33.901,36.093,43.813,50.031,51.621,57.407,62.311,67.493,90.775,98.308,112.455,120.288,128.427,103.075,109.912,117.551,126.147,135.994,146.854,126.035,132.645
Mozambique,4.091,3.719,3.697,4.094,4.789,5.913,6.636,7.296,7.839,8.366,9.654,9.605,11.186,12.031,12.755,16.985,19.043,21.244,23.735,26.495,32.223,15.833,16.759
Myanmar,8.487,8.905,6.478,6.778,10.467,10.786,12.151,13.002,13.713,14.263,26.523,27.856,30.733,32.286,33.92,65.775,71.275,79.046,87.474,96.408,106.221,66.74,63.052
Namibia,3.384,3.416,3.218,3.128,4.474,5.61,6.061,6.316,6.72,7.272,9.039,9.251,9.865,10.138,10.414,12.855,13.703,14.924,16.215,17.37,18.661,12.213,13.122
Nepal,5.034,5.494,5.596,5.568,5.873,6.757,7.515,7.994,8.617,9.366,13.14,15.266,19.097,20.855,22.757,21.356,24.067,26.388,28.555,30.271,32.1,34.265,36.296
Netherlands,411.997,386.204,400.998,439.357,539.343,609.038,629.911,663.119,720.94,759.491,789.675,823.64,854.871,876.58,902.03,750.782,782.934,818.492,855.637,893.292,940.749,"1,007.56","1,070.75"
New Zealand,56.993,52.414,51.416,59.901,79.343,97.646,108.417,103.38,114.331,118.611,109.563,117.659,123.024,126.316,129.843,170.59,165.476,172.115,179.016,185.929,194.677,247.64,267.636
Nicaragua,3.74,3.939,4.102,4.025,4.1,4.496,4.91,5.369,5.689,6.067,6.298,6.363,6.589,6.851,7.125,12.321,13.089,13.872,14.702,15.581,16.513,13.397,13.948
Niger,2.021,1.803,1.947,2.177,2.736,2.948,3.403,3.55,3.974,4.285,5.323,5.876,7.099,7.565,8.076,7.119,7.652,8.479,9.378,10.274,11.4,15.637,17.261
Nigeria,37.331,45.737,47.683,46.09,57.564,71.533,98.564,115.35,127.088,146.5,165.437,185.835,215.126,232.736,251.306,492.986,484.895,508.528,534.715,565.231,594.992,480.482,555.346
Norway,159.093,168.671,170.982,193.175,225.307,258.986,301.735,335.281,349.165,365.775,368.962,404.213,428.127,441.282,454.533,397.59,394.776,415.19,436.472,453.441,470.99,445.507,458.398
Oman,15.711,19.868,19.949,20.325,21.784,24.749,30.835,35.992,38.345,42.436,52.335,59.657,67.539,71.594,76.1,60.179,60.632,65.155,69.107,72.115,74.402,80.611,85.719
Pakistan,71.248,74.08,71.457,71.854,82.592,98.094,110.97,128.996,141.378,154.677,166.513,178.723,194.27,205.926,219.322,270.961,0,0,0,0,0,0,0
Panama,11.456,11.621,11.808,12.272,12.933,14.179,15.483,17.113,18.627,20.474,24.754,26.452,31.968,35.293,38.809,47.473,51.525,56.026,61.149,66.299,71.679,60.121,64.366
Papua New Guinea,3.462,3.528,3.082,2.902,3.503,3.514,4.011,4.338,4.326,4.304,8.2,8.389,8.822,9.077,9.077,17.995,18.191,18.924,19.858,21.043,22.366,26.461,28.31
Paraguay,7.301,7.095,6.446,5.091,5.552,6.95,7.473,8.773,9.206,9.735,13.611,14.284,15.939,17.257,18.788,29.065,30.094,31.441,32.84,34.237,35.722,36.973,39.197
Peru,51.553,53.323,53.933,57.04,61.49,69.663,79.394,93.268,100.596,107.656,127.368,139.502,142.051,152.802,164.355,179.911,180.375,193.59,207.923,221.314,235.091,225.858,231.691
Philippines,76.157,75.912,71.216,76.814,79.634,86.703,98.371,116.931,133.319,143.923,158.702,171.078,190.014,200.928,212.469,299.314,330.232,366.753,407.942,454.796,507.251,385.737,406.107
Poland,167.942,171.319,190.333,198.029,216.545,252.668,303.161,338.689,364.834,390.679,422.965,432.254,476.825,504.989,535.655,481.235,508.857,540.186,577.055,617.513,663.519,655.332,720.35
Portugal,121.823,112.98,115.812,127.906,156.712,179.377,185.644,194.989,211.718,222.401,219.844,228.58,236.978,242.136,246.824,197.51,204.186,212.015,219.857,227.453,237.171,251.709,271.191
Qatar,12.393,17.76,17.538,19.363,23.534,31.734,42.463,52.722,57.294,69.051,92.541,128.181,161.313,170.858,178.953,192.077,192.214,212.121,232.669,251.129,267.515,169.184,180.883
Romania,35.729,37.06,40.188,45.825,59.506,75.487,98.566,121.901,157.647,184.456,160.674,166.01,211.43,243.392,274.083,174.922,183.37,196.786,211.094,225.12,242.889,287.279,314.876
Russia,195.907,259.702,306.583,345.486,431.429,591.861,763.878,979.048,"1,166.56","1,344.54","1,254.65","1,363.98","1,706.34","1,896.68","2,127.58","1,235.86","1,178.92","1,309.27","1,447.26","1,613.84","1,791.79","1,647.57","1,703.53"
Rwanda,1.909,1.794,1.704,1.732,1.684,1.835,2.153,2.397,2.684,2.986,5.011,5.32,6.182,6.697,7.251,8.468,9.228,10.091,11.105,12.132,13.335,10.395,11.035
Samoa,0.218,0.22,0.232,0.256,0.284,0.309,0.34,0.365,0.387,0.412,0.567,0.595,0.673,0.717,0.769,0.867,0.9,0.912,0.941,0.976,1.016,0.78,0.808
São Tomé and Príncipe,0.047,0.046,0.048,0.054,0.059,0.064,0.072,0.079,0.09,0.098,0.189,0.197,0.221,0.237,0.258,0.326,0.356,0.382,0.413,0.453,0.5,0.534,0.573
Saudi Arabia,161.172,188.693,183.257,188.803,214.859,250.673,309.945,348.604,354.924,377.193,379.5,442.765,514.836,556.532,601.387,632.073,643.234,694.517,749.201,799.75,848.557,842.588,876.148
Senegal,5.151,4.693,4.882,5.352,6.828,7.958,8.615,9.242,10.359,11.237,12.61,13.517,15.422,16.412,17.473,13.988,15.197,16.744,18.504,20.464,22.828,27.576,30.039
Serbia,0,8.963,11.759,15.831,20.34,24.518,26.232,31.589,35.967,38.516,42.385,44.592,51.111,55.836,61.11,36.555,37.74,39.804,42.946,46.258,50.031,60.669,65.697
Seychelles,0.623,0.615,0.622,0.698,0.706,0.7,0.723,0.749,0.698,0.727,0.656,0.791,0.931,1.011,1.084,1.375,1.471,1.555,1.649,1.738,1.825,1.288,1.751
Sierra Leone,0.669,0.636,0.806,0.936,0.991,1.073,1.215,1.419,1.514,1.641,2.064,2.189,2.534,2.704,2.871,4.266,4.563,4.918,5.37,5.865,6.373,4.407,4.587
Singapore,82.611,92.717,85.485,88.068,92.35,107.405,116.704,132.155,146.09,157.568,163.132,178.64,195.882,205.994,216.372,293.959,308.716,328.299,348.796,370.063,394.977,378.645,396.995
Slovak Republic,20.602,20.374,21.108,24.522,33.005,42.015,47.428,54.969,69.279,78.303,88.296,96.365,109.056,115.61,122.589,86.198,90.544,96.151,101.932,107.913,115.111,116.748,127.497
Slovenia,26.753,22.688,21.841,23.664,28.819,32.738,34.407,37.34,41.125,43.955,49.551,51.52,57.379,60.311,63.417,42.736,44.015,46.062,48.168,50.312,52.951,60.89,65.475
Solomon Islands,0.332,0.299,0.274,0.228,0.231,0.265,0.294,0.321,0.354,0.393,0.668,0.717,0.896,1.002,1.086,1.205,1.289,1.386,1.492,1.611,1.751,1.649,1.798
South Africa,133.105,132.964,118.563,111.13,166.655,216.772,241.933,255.155,271.779,291.38,277.379,286.357,314.635,331.801,349.581,317.285,326.541,340.529,357.046,374.482,394.715,415.315,435.212
Spain,618.691,582.377,609.631,688.676,884.908,"1,044.51","1,127.98","1,225.75","1,359.11","1,454.35","1,438.36","1,475.49","1,506.20","1,534.01","1,567.79","1,221.39","1,265.12","1,318.83","1,372.18","1,427.74","1,497.67","1,439.96","1,570.91"
Sri Lanka,15.657,16.332,15.746,16.536,18.246,20.055,23.534,26.794,30.875,34.218,41.323,38.347,44.443,47.671,51.097,79.524,86.302,94.209,102.841,112.264,122.55,80.785,83.315
St. Kitts and Nevis,0.305,0.33,0.345,0.355,0.366,0.406,0.442,0.487,0.523,0.557,0.547,0.559,0.6,0.624,0.65,0.889,0.93,0.974,1.02,1.068,1.117,0.976,1.092
St. Lucia,0.671,0.685,0.664,0.682,0.716,0.763,0.882,0.933,1.009,1.084,0.991,1.015,1.119,1.187,1.26,1.438,1.498,1.565,1.632,1.702,1.767,1.715,1.998
St. Vincent and the Grenadines,0.332,0.335,0.345,0.365,0.382,0.408,0.43,0.466,0.507,0.555,0.625,0.645,0.733,0.777,0.826,0.765,0.794,0.828,0.866,0.905,0.944,0.769,0.855
Sudan,10.723,12.365,13.38,14.976,17.78,21.691,27.895,37.564,47.156,58.003,54.294,64.965,80.811,90.739,98.222,84.331,85.222,93.817,101.047,109.358,117.403,35.919,37.769
Suriname,0.886,0.89,0.764,1.08,1.271,1.493,1.778,2.112,2.234,2.347,3.147,3.453,4.514,5.386,6.259,5.05,5.187,5.744,6.251,6.738,7.266,2.817,2.937
Swaziland,1.377,1.39,1.261,1.194,1.907,2.386,2.609,2.637,2.726,2.788,2.929,3.038,3.209,3.304,3.402,4.305,4.357,4.445,4.555,4.657,4.787,0,0
Sweden,253.881,242.792,221.879,244.314,304.854,349.557,358.481,385.293,423.649,442.788,397.703,437.342,495.682,521.545,547.595,483.724,499.179,519.636,541.467,562.124,585.743,622.365,660.918
Switzerland,265.23,246.322,250.57,277.113,323.065,360.152,366.514,377.24,389.405,397.49,484.132,498.268,514.088,520.368,525.688,676.979,687.591,707.527,727.226,746.28,770.927,810.83,862.819
Syrian Arab Republic,16.834,19.861,21.017,22.78,22.719,24.703,27.369,31.505,34.965,36.815,54.352,61.289,74.323,81.836,90.182,0,0,0,0,0,0,0,0
Taiwan Province of China,298.825,321.374,291.889,294.876,299.606,322.299,346.651,355.708,365.317,389.991,357.344,385.165,443.539,466.126,488.158,518.816,540.073,565.374,591.253,618.101,650.902,785.589,850.528
Tajikistan,1.087,0.991,1.057,1.212,1.555,2.073,2.311,2.811,3.141,3.457,4.577,4.821,6.342,7.325,8.713,8.045,7.97,8.589,9.328,10.182,11.111,8.104,8.756
Tanzania,8.635,9.079,9.443,9.792,10.276,11.339,12.607,12.787,14.106,15.599,22.159,23.662,27.901,30.515,33.392,46.192,46.873,50.347,54.761,59.349,64.145,69.238,74.536
Thailand,122.63,122.725,115.536,126.877,142.64,161.349,176.222,206.258,219.436,236.59,266.434,282.351,322.009,347.815,375.689,373.536,393.019,411.266,432.409,454.082,473.997,546.223,585.586
"Timor-Leste, Dem. Rep. of",0.27,0.316,0.368,0.343,0.336,0.339,0.35,0.356,0.493,0.53,0.599,0.706,0.967,1.136,1.337,0,0,0,0,0,0,0,0
Togo,1.529,1.299,1.334,1.479,1.677,1.94,2.112,2.21,2.39,2.589,2.771,2.927,3.247,3.409,3.603,4.152,4.499,4.918,5.367,5.836,6.394,8.493,9.357
Tonga,0.155,0.158,0.142,0.143,0.159,0.182,0.215,0.224,0.234,0.247,0.259,0.277,0.314,0.332,0.352,0.443,0.473,0.507,0.531,0.558,0.574,0.501,0.54
Trinidad and Tobago,6.808,8.157,9.505,9.709,12.022,13.527,16.212,19.935,21.702,24.276,23.002,26.039,32.868,35.857,38.656,27.668,28.321,30.022,31.906,33.896,36.113,21.599,23.082
Tunisia,20.76,19.456,19.988,21.054,25,28.129,28.959,30.62,33.697,36.828,39.573,42.033,46.93,49.8,53.775,44.272,44.584,45.629,46.962,50.171,53.537,42.733,45.454
Turkey,181.69,198.23,143.096,182.973,240.596,302.561,362.461,392.424,432.512,455.538,593.533,590.701,638.419,673.753,710.833,722.219,721.167,761.44,804.563,851.773,905.844,795.952,844.534
Turkmenistan,3.857,5.022,6.933,8.7,11.424,14.196,17.174,21.846,26.215,31.732,0,0,0,0,0,44.362,51.271,58.193,65.462,73.974,83.993,53.087,60.263
Uganda,6.008,5.91,5.65,5.835,6.243,6.817,8.734,9.443,10.492,11.275,15.658,16.739,19.648,21.451,22.991,24.943,26.631,29.258,31.577,34.188,37.688,43.243,47
Ukraine,31.569,31.262,38.009,42.393,50.133,64.883,86.044,106.072,122.802,137.667,115.706,119.701,145.757,160.619,175.949,90.138,93.812,104.307,115.455,125.991,137.856,181.038,203.925
United Arab Emirates,55.181,70.221,68.677,75.285,88.579,103.784,130.256,168.263,185.949,207.939,228.578,256.179,298.848,326.175,356.668,339.085,356.219,382.619,410.422,438.118,468.902,410.158,427.93
United Kingdom,"1,467.03","1,445.19","1,435.63","1,574.47","1,814.64","2,155.16","2,230.61","2,373.69","2,660.66","2,822.66","2,198.16","2,353.03","2,611.27","2,758.80","2,919.12","2,864.90","3,054.84","3,232.28","3,425.54","3,616.82","3,851.98","3,108.42","3,442.21"
United States,"9,268.43","9,816.98","10,127.95","10,469.60","10,960.75","11,712.48","12,455.83","13,244.55","13,770.31","14,418.48","14,266.20","14,704.21","16,008.51","16,729.38","17,419.35","17,968.20","18,697.92","19,555.87","20,493.25","21,404.19","22,294.11","22,939.58","24,796.08"
Uruguay,20.913,20.086,18.561,12.089,11.211,13.268,16.878,19.221,20.725,22.211,31.606,33.864,47.355,54.388,63.167,54.968,57.151,59.943,63.134,66.532,70.107,60.108,63.741
Uzbekistan,17.041,13.717,11.632,9.657,10.129,12.001,13.67,16.088,18.84,21.727,30.321,34.232,44.892,51.125,58.224,65.953,68.699,73.457,78.31,83.478,88.986,65.503,72.762
Vanuatu,0.251,0.245,0.235,0.23,0.28,0.33,0.368,0.387,0.421,0.451,0.554,0.602,0.692,0.747,0.804,0.771,0.832,0.891,0.949,1.002,1.057,0.999,1.06
Venezuela,97.977,117.153,122.872,92.889,83.442,112.8,143.443,181.608,219.372,231.959,353.469,379.16,394.106,403.123,409.562,131.855,133.534,144.227,155.096,170.41,184.364,44.893,43.546
Vietnam,28.684,31.196,32.504,35.148,39.63,45.548,53.053,60.995,68.298,76.414,91.764,102.906,123.505,135.729,148.914,198.805,214.75,229.845,247.415,265.987,287.257,368.002,415.493
"Yemen, Republic of",7.53,9.561,9.533,9.985,11.869,13.565,15.193,18.7,21.657,24.504,26.236,31.98,37.153,40.003,42.687,0,0,0,0,0,0,0,0
Zambia,3.132,3.238,3.64,3.775,4.326,5.44,7.271,10.942,10.104,10.519,12.293,15.792,20.208,21.829,23.613,24.466,25.158,27.17,29.911,32.957,36.316,21.699,23.967
Zimbabwe,5.963,8.136,12.883,30.856,10.515,4.7,4.552,5.54,18.281,63.039,3.556,4.22,5.528,6.214,6.851,13.905,14.292,14.994,15.736,16.609,17.529,25.791,27.806
